{"cameraMode":{"drawMode":0,"name":"Shaded","section":"Shading Mode"},"sceneLighting":false,"audioPlay":false,"sceneViewState":{"m_AlwaysRefresh":false,"showFog":true,"showSkybox":false,"showFlares":true,"showImageEffects":true,"showParticleSystems":true,"showVisualEffectGraphs":true,"m_FxEnabled":true},"in2DMode":false,"pivot":{"x":-0.000003814697265625,"y":0.5950698852539063,"z":0.03800010681152344},"rotation":{"x":-0.015905331820249559,"y":-0.9707103967666626,"z":0.23016546666622163,"w":-0.06711485236883164},"size":34.53720474243164,"orthographic":false}