{"cameraMode":{"drawMode":0,"name":"Shaded","section":"Shading Mode"},"sceneLighting":false,"audioPlay":false,"sceneViewState":{"m_AlwaysRefresh":false,"showFog":true,"showSkybox":false,"showFlares":true,"showImageEffects":true,"showParticleSystems":true,"showVisualEffectGraphs":true,"m_FxEnabled":true},"in2DMode":false,"pivot":{"x":5.109012603759766,"y":5.271035671234131,"z":0.12774598598480225},"rotation":{"x":0.23765024542808534,"y":0.0532575324177742,"z":-0.013055368326604367,"w":0.9698219299316406},"size":47.55036926269531,"orthographic":false}