{"cameraMode":{"drawMode":0,"name":"Shaded","section":"Shading Mode"},"sceneLighting":false,"audioPlay":false,"sceneViewState":{"m_AlwaysRefresh":false,"showFog":true,"showSkybox":false,"showFlares":true,"showImageEffects":true,"showParticleSystems":true,"showVisualEffectGraphs":true,"m_FxEnabled":true},"in2DMode":false,"pivot":{"x":-0.001628052443265915,"y":-0.02340427041053772,"z":-0.0003249719738960266},"rotation":{"x":0.1223168596625328,"y":-0.10433024168014527,"z":0.01292749959975481,"w":0.9869091510772705},"size":0.061400581151247028,"orthographic":false}