{"cameraMode":{"drawMode":0,"name":"Shaded","section":"Shading Mode"},"sceneLighting":false,"audioPlay":false,"sceneViewState":{"m_AlwaysRefresh":false,"showFog":true,"showSkybox":false,"showFlares":true,"showImageEffects":true,"showParticleSystems":true,"showVisualEffectGraphs":true,"m_FxEnabled":true},"in2DMode":false,"pivot":{"x":0.049999237060546878,"y":11.212800979614258,"z":7.681416034698486},"rotation":{"x":0.30300241708755495,"y":0.007470599841326475,"z":-0.0021039999555796386,"w":0.9530942440032959},"size":32.26005172729492,"orthographic":false}