{"cameraMode":{"drawMode":0,"name":"Shaded","section":"Shading Mode"},"sceneLighting":false,"audioPlay":false,"sceneViewState":{"m_AlwaysRefresh":false,"showFog":true,"showSkybox":false,"showFlares":true,"showImageEffects":true,"showParticleSystems":true,"showVisualEffectGraphs":true,"m_FxEnabled":true},"in2DMode":false,"pivot":{"x":0.049999237060546878,"y":11.212800979614258,"z":7.681416034698486},"rotation":{"x":0.2764107286930084,"y":-0.07026860862970352,"z":0.020465020090341569,"w":0.9583808183670044},"size":32.26005172729492,"orthographic":false}