{"cameraMode":{"drawMode":0,"name":"Shaded","section":"Shading Mode"},"sceneLighting":false,"audioPlay":false,"sceneViewState":{"m_AlwaysRefresh":false,"showFog":true,"showSkybox":false,"showFlares":true,"showImageEffects":true,"showParticleSystems":true,"showVisualEffectGraphs":true,"m_FxEnabled":true},"in2DMode":false,"pivot":{"x":-1.7737188339233399,"y":12.572748184204102,"z":1.4721450805664063},"rotation":{"x":0.030764585360884668,"y":0.5357809662818909,"z":-0.019278747960925103,"w":0.8437327742576599},"size":16.570249557495118,"orthographic":false}