{"cameraMode":{"drawMode":0,"name":"Shaded","section":"Shading Mode"},"sceneLighting":false,"audioPlay":false,"sceneViewState":{"m_AlwaysRefresh":false,"showFog":true,"showSkybox":false,"showFlares":true,"showImageEffects":true,"showParticleSystems":true,"showVisualEffectGraphs":true,"m_FxEnabled":true},"in2DMode":false,"pivot":{"x":-10.919034004211426,"y":14.504796981811524,"z":-2.6435093879699709},"rotation":{"x":-0.007072302512824535,"y":-0.9157125353813171,"z":-0.016216346994042398,"w":0.40164896845817568},"size":8.307039260864258,"orthographic":false}