{"cameraMode":{"drawMode":0,"name":"Shaded","section":"Shading Mode"},"sceneLighting":false,"audioPlay":false,"sceneViewState":{"m_AlwaysRefresh":false,"showFog":true,"showSkybox":false,"showFlares":true,"showImageEffects":true,"showParticleSystems":true,"showVisualEffectGraphs":true,"m_FxEnabled":true},"in2DMode":false,"pivot":{"x":-0.00000762939453125,"y":9.180000305175782,"z":0.000010013580322265625},"rotation":{"x":0.1171719953417778,"y":-0.7882803678512573,"z":0.15840041637420655,"w":0.5830568671226502},"size":38.92709732055664,"orthographic":false}