{"cameraMode":{"drawMode":0,"name":"Shaded","section":"Shading Mode"},"sceneLighting":true,"audioPlay":false,"sceneViewState":{"m_AlwaysRefresh":false,"showFog":true,"showSkybox":true,"showFlares":true,"showImageEffects":true,"showParticleSystems":true,"showVisualEffectGraphs":true,"m_FxEnabled":true},"in2DMode":false,"pivot":{"x":-12.459436416625977,"y":2.003960132598877,"z":0.4379567503929138},"rotation":{"x":-0.01881694421172142,"y":-0.1955198347568512,"z":-0.0037607846315950157,"w":0.9805155992507935},"size":2.0786256790161135,"orthographic":false}