{"cameraMode":{"drawMode":0,"name":"Shaded","section":"Shading Mode"},"sceneLighting":true,"audioPlay":false,"sceneViewState":{"m_AlwaysRefresh":false,"showFog":true,"showSkybox":true,"showFlares":true,"showImageEffects":true,"showParticleSystems":true,"showVisualEffectGraphs":true,"m_FxEnabled":true},"in2DMode":false,"pivot":{"x":-12.459436416625977,"y":2.003960132598877,"z":0.4379567503929138},"rotation":{"x":-0.00947168841958046,"y":-0.36795082688331606,"z":-0.0037574737798422577,"w":0.929794430732727},"size":1.5274333953857422,"orthographic":false}