{"cameraMode":{"drawMode":0,"name":"Shaded","section":"Shading Mode"},"sceneLighting":true,"audioPlay":false,"sceneViewState":{"m_AlwaysRefresh":false,"showFog":true,"showSkybox":true,"showFlares":true,"showImageEffects":true,"showParticleSystems":true,"showVisualEffectGraphs":true,"m_FxEnabled":true},"in2DMode":false,"pivot":{"x":-14.447301864624024,"y":37.61503601074219,"z":52.86389923095703},"rotation":{"x":-0.37418848276138308,"y":0.05809278041124344,"z":-0.023577656596899034,"w":-0.9252625107765198},"size":69.89144134521485,"orthographic":false}