{"cameraMode":{"drawMode":0,"name":"Shaded","section":"Shading Mode"},"sceneLighting":true,"audioPlay":false,"sceneViewState":{"m_AlwaysRefresh":false,"showFog":true,"showSkybox":true,"showFlares":true,"showImageEffects":true,"showParticleSystems":true,"showVisualEffectGraphs":true,"m_FxEnabled":true},"in2DMode":false,"pivot":{"x":57.19318389892578,"y":-18.707002639770509,"z":-614.9931030273438},"rotation":{"x":-0.007260140497237444,"y":0.9104637503623962,"z":-0.41350027918815615,"w":-0.016428926959633828},"size":25.765552520751954,"orthographic":false}