{"cameraMode":{"drawMode":0,"name":"Shaded","section":"Shading Mode"},"sceneLighting":true,"audioPlay":false,"sceneViewState":{"m_AlwaysRefresh":false,"showFog":true,"showSkybox":true,"showFlares":true,"showImageEffects":true,"showParticleSystems":true,"showVisualEffectGraphs":true,"m_FxEnabled":true},"in2DMode":false,"pivot":{"x":17.80689811706543,"y":-3.6181392669677736,"z":-26.433643341064454},"rotation":{"x":0.45234769582748415,"y":0.07713127881288529,"z":-0.039305634796619418,"w":0.8876256346702576},"size":28.056442260742189,"orthographic":false}