{"cameraMode":{"drawMode":0,"name":"Shaded","section":"Shading Mode"},"sceneLighting":true,"audioPlay":false,"sceneViewState":{"m_AlwaysRefresh":false,"showFog":true,"showSkybox":true,"showFlares":true,"showImageEffects":true,"showParticleSystems":true,"showVisualEffectGraphs":true,"m_FxEnabled":true},"in2DMode":false,"pivot":{"x":-20.380754470825197,"y":-28.481460571289064,"z":-1104.3709716796875},"rotation":{"x":0.01207229308784008,"y":0.9877354502677918,"z":-0.12092834711074829,"w":0.09963997453451157},"size":16.690622329711915,"orthographic":false}