{"cameraMode":{"drawMode":0,"name":"Shaded","section":"Shading Mode"},"sceneLighting":false,"audioPlay":false,"sceneViewState":{"m_AlwaysRefresh":false,"showFog":true,"showSkybox":false,"showFlares":true,"showImageEffects":true,"showParticleSystems":true,"showVisualEffectGraphs":true,"m_FxEnabled":true},"in2DMode":false,"pivot":{"x":-0.0431971549987793,"y":-20.859785079956056,"z":1.5196053981781006},"rotation":{"x":0.11522281169891358,"y":0.8088394999504089,"z":-0.16881145536899568,"w":0.5516141653060913},"size":5.608420372009277,"orthographic":false}