{"cameraMode":{"drawMode":0,"name":"Shaded","section":"Shading Mode"},"sceneLighting":false,"audioPlay":false,"sceneViewState":{"m_AlwaysRefresh":false,"showFog":true,"showSkybox":false,"showFlares":true,"showImageEffects":true,"showParticleSystems":true,"showVisualEffectGraphs":true,"m_FxEnabled":true},"in2DMode":false,"pivot":{"x":4.799476623535156,"y":11.239133834838868,"z":-26.055831909179689},"rotation":{"x":-0.17833620309829713,"y":0.2370939701795578,"z":-0.044319722801446918,"w":-0.9539579153060913},"size":13.608617782592774,"orthographic":false}