{"cameraMode":{"drawMode":0,"name":"Shaded","section":"Shading Mode"},"sceneLighting":false,"audioPlay":false,"sceneViewState":{"m_AlwaysRefresh":false,"showFog":true,"showSkybox":false,"showFlares":true,"showImageEffects":true,"showParticleSystems":true,"showVisualEffectGraphs":true,"m_FxEnabled":true},"in2DMode":false,"pivot":{"x":-3.8240246772766115,"y":17.776756286621095,"z":12.3712739944458},"rotation":{"x":-0.008470061235129834,"y":0.5519333481788635,"z":0.005665845703333616,"w":0.8339039087295532},"size":3.5182549953460695,"orthographic":false}