{"cameraMode":{"drawMode":0,"name":"Shaded","section":"Shading Mode"},"sceneLighting":false,"audioPlay":false,"sceneViewState":{"m_AlwaysRefresh":false,"showFog":true,"showSkybox":false,"showFlares":true,"showImageEffects":true,"showParticleSystems":true,"showVisualEffectGraphs":true,"m_FxEnabled":true},"in2DMode":false,"pivot":{"x":-12.459436416625977,"y":-0.6769961714744568,"z":0.43999969959259035},"rotation":{"x":0.021616246551275255,"y":0.8343828320503235,"z":-0.03282134607434273,"w":0.5497908592224121},"size":3.308410882949829,"orthographic":false}